[{"id":1,"name":"Amtico standart - Wood","short_name":"AS_W","description":"Amtico standart - Wood","category":"DT","firm":"AMT"},{"id":2,"name":"Amtico standart - Stone","short_name":"AS_S","description":"Amtico standart - Stone","category":"DT","firm":"AMT"},{"id":3,"name":"Helsinki","short_name":"HSK","description":"Ege, Carre Modular","category":"CT","firm":"EGE"},{"id":4,"name":"New York","short_name":"NY","description":"Carre Modular Collection","category":"CT","firm":"EGE"},{"id":5,"name":"Bubble","short_name":"BBL","description":"Design Concept Collection","category":"CC","firm":"BLS"},{"id":6,"name":"Campus","short_name":"CPS","description":"Design Concept Collection","category":"CC","firm":"BLS"},{"id":7,"name":"Atlas","short_name":"ATL","description":"Altro Atlas","category":"CL"},{"id":8,"name":"Campus","short_name":"CPS","description":"Design Concept Collection","category":"CL","firm":"ALT"}]