[{"id":1,"name":"Amtico","short_name":"AMT","description":"","categories":["DT"],"collections":[{"id":1,"name":"Amtico standart","short_name":"AS_W","description":"Amtico standart - Wood","category":"DT"},{"id":2,"name":"Amtico standart","short_name":"AS_S","description":"Amtico standart - Stone","category":"DT"}]},{"id":2,"name":"Ege","short_name":"EGE","description":"Англия","categories":["CT"],"collections":[{"id":1,"name":"Helsinki","short_name":"HSK","description":"Ege, Carre Modular","category":"CT"},{"id":2,"name":"New York","short_name":"NY","description":"Carre Modular Collection","category":"CT"}]},{"id":3,"name":"Balsan","short_name":"BLS","description":"Франция","categories":["CC"],"collections":[{"id":1,"name":"Bubble","short_name":"BBL","description":"Design Concept Collection","category":"CC"},{"id":2,"name":"Campus","short_name":"CPS","description":"Design Concept Collection","category":"CC"}]},{"id":4,"name":"Altro","short_name":"ALT","description":"Германия","categories":["CL"],"collections":[{"id":1,"name":"Atlas","short_name":"ATL","description":"Altro Atlas","category":"CL"},{"id":2,"name":"Campus","short_name":"CPS","description":"Design Concept Collection","category":"CL"}]}]