[{"name":"Hilton Garden","short_name":"HLTN","description":"Плитка этого отеля была выбрана нашими дизайнерами и инсталлирована нашими укладчиками.","amount":4},{"name":"Rachmaninov","short_name":"RCHMN","description":"Вы только посмотрите на эти ковры!","amount":5},{"name":"Green Wood Moscow","short_name":"GW","description":"Всё по тону и, вообще, ШИКАРНО!","amount":6},{"name":"Огонёк","short_name":"FIRE","description":"Шашлыки и караоке в приятной обстановке. Что может быть лучше?!","amount":7},{"name":"Клуб Аврора","short_name":"AVRR","description":"Ёлка, камин, тёплое освящение под красный цвета ковра, задаёт обстановку теплоты и уюта.","amount":5},{"name":"Baroni","short_name":"BRN","description":"Манекен, как чать дизайна.","amount":5}]