[{"AS_W":{"category":{"name":"Дизайн плитка","short_name":"DT"},"firm":{"name":"Amtico","short_name":"AMT"},"samples":[{"id":1,"name":"Washed teak","num":"w599","description":""},{"id":2,"name":"White maple","num":"W682","description":""},{"id":3,"name":"Maple","num":"w684","description":""},{"id":4,"name":"Rustic Wood","num":"w686r","description":""},{"id":5,"name":"Beech","num":"w693","description":""},{"id":6,"name":"Variable oak","num":"w695","description":""},{"id":7,"name":"Light oak","num":"w696","description":""},{"id":8,"name":"Weathered Elm","num":"w697","description":""},{"id":9,"name":"Elm","num":"w698","description":""},{"id":10,"name":"Teak","num":"w699","description":""},{"id":11,"name":"Cherry","num":"w700","description":""},{"id":12,"name":"Black walnut","num":"w701","description":""},{"id":13,"name":"Mahagony","num":"w703","description":""},{"id":14,"name":"Limed oak","num":"w704","description":""},{"id":15,"name":"American oak","num":"w705","description":""},{"id":16,"name":"Light Cherry","num":"w706","description":""},{"id":17,"name":"Rosewood","num":"w707","description":""},{"id":18,"name":"English oak","num":"w709","description":""},{"id":19,"name":"Oak","num":"W710","description":""},{"id":20,"name":"Golden Elm","num":"w711","description":""},{"id":21,"name":"Antique Wood","num":"W719","description":""},{"id":22,"name":"Priory Oak","num":"w720","description":""},{"id":23,"name":"Bamboo","num":"w730","description":""},{"id":24,"name":"Priory Pine","num":"w732","description":""},{"id":25,"name":"Zebrano Wood","num":"w733","description":""},{"id":26,"name":"Alder plywood","num":"W736","description":""},{"id":27,"name":"Burnt Chestnut","num":"w737","description":""},{"id":28,"name":"Palisander","num":"w738","description":""},{"id":29,"name":"Worn oak","num":"w739","description":""},{"id":30,"name":"Reclaimed Chestnut","num":"w741","description":""},{"id":31,"name":"Classic oak","num":"w743","description":""},{"id":32,"name":"Fresh oak","num":"w744","description":""},{"id":33,"name":"American Cherry","num":"w745","description":""},{"id":34,"name":"Blonde oak","num":"w746","description":""},{"id":35,"name":"Ivory Maple","num":"w747","description":""},{"id":36,"name":"Spalted Beech","num":"w748","description":""},{"id":37,"name":"Wenge Wood","num":"w749","description":""},{"id":38,"name":"Fused birch","num":"w750","description":""},{"id":39,"name":"Golden oak","num":"w751","description":""},{"id":40,"name":"White oak","num":"w752","description":""},{"id":41,"name":"Red oak","num":"w753","description":""},{"id":42,"name":"Tigerwood","num":"W757","description":""},{"id":43,"name":"Brazilian Rosewood","num":"W758","description":""},{"id":44,"name":"Merbau","num":"W759","description":""},{"id":45,"name":"Vintage Teak","num":"W760","description":""},{"id":46,"name":"Classic Walnut","num":"W761","description":""},{"id":47,"name":"Farmhouse oak","num":"W763","description":""},{"id":48,"name":"Oak Natural","num":"W764Red","description":""},{"id":49,"name":"Caramel Bamboo","num":"W765","description":""},{"id":50,"name":"Warm Beech","num":"W793","description":""},{"id":51,"name":"American Ash","num":"w794","description":""},{"id":52,"name":"Temple Cedar","num":"wZ735","description":""},{"id":53,"name":"Wild cherry","num":"w731","description":""}]},"AS_S":{"category":{"name":"Дизайн плитка","short_name":"DT"},"firm":{"name":"Amtico","short_name":"AMT"},"samples":[{"id":1,"name":"Antique porcelain","num":"an41","description":""},{"id":2,"name":"Australian sandstone","num":"au44","description":""},{"id":3,"name":"Bolarro Neutral","num":"bm12","description":""},{"id":4,"name":"Rustic Wood","num":"w686r","description":""},{"id":5,"name":"Clipstone Grey","num":"Clp37","description":""},{"id":6,"name":"Clipstone Natural","num":"clp1","description":""},{"id":7,"name":"Clipstone Oatmeal","num":"CLP48","description":""},{"id":8,"name":"Clipstone Black","num":"clp21","description":""},{"id":9,"name":"Clipstone Charcole","num":"clp32","description":""},{"id":10,"name":"Concrete Pale","num":"cn30","description":""},{"id":11,"name":"Concrete Medium","num":"CN34","description":""},{"id":12,"name":"Stained concrete tan","num":"cn42","description":""},{"id":13,"name":"Stained concret chocolate","num":"cn44","description":""},{"id":14,"name":"Stained concrete ochre","num":"cn77","description":""},{"id":15,"name":"Stained concrete moss","num":"cn82","description":""},{"id":16,"name":"Stained concrete petrol","num":"cn91","description":""},{"id":17,"name":"Concrete Grey","num":"cn139","description":""},{"id":18,"name":"Eurupean slate Dark Grey","num":"EA29","description":""},{"id":19,"name":"Exposed concrete","num":"ec30","description":""},{"id":20,"name":"Evora stone","num":"ES13","description":""},{"id":21,"name":"Fossil Limestone","num":"Fl33","description":""},{"id":22,"name":"Garsia Stone","num":"Gb47","description":""},{"id":23,"name":"Gregorian White","num":"GW13 ","description":""},{"id":24,"name":"Honister Slate","num":"hs83","description":""},{"id":25,"name":"Jara grey","num":"Ja34","description":""},{"id":26,"name":"Jura Yellow","num":"Ja75","description":""},{"id":27,"name":"HonedLimestone Natural","num":"Lh11","description":""},{"id":28,"name":"Limestone Costwold","num":"lj47","description":""},{"id":29,"name":"Limestone malt","num":"ln13","description":""},{"id":30,"name":"Limestone biscuit","num":"ln14","description":""},{"id":31,"name":"Biancone","num":"md11","description":""},{"id":32,"name":"Marquina","num":"md21","description":""},{"id":33,"name":"Oriental Slate Lead","num":"ol21","description":""},{"id":34,"name":"Oriental Slate Brown","num":"ol27","description":""},{"id":35,"name":"Onyx Grey","num":"Om3","description":""},{"id":36,"name":"Onyx Beige","num":"Om4","description":""},{"id":37,"name":"Philippine tan","num":"ph40","description":""},{"id":38,"name":"Perlino","num":"pr15","description":""},{"id":39,"name":"Parvia Stone","num":"ps31","description":""},{"id":40,"name":"Refined concrete","num":"rc33","description":""},{"id":41,"name":"Rosada Limestone","num":"ro54","description":""},{"id":42,"name":"Sedimentary Sandstone light","num":"Sd14","description":""},{"id":43,"name":"Cumbrian slate","num":"sl32","description":""},{"id":44,"name":"African Slate","num":"sl34","description":""},{"id":45,"name":"Firestone slate","num":"sl72","description":""},{"id":46,"name":"Autumn slate","num":"sl79","description":""},{"id":47,"name":"Norwegian Slate Silver","num":"sn36","description":""},{"id":48,"name":"Savonna stone","num":"sr31","description":""},{"id":49,"name":"Kasumi Stone","num":"su31","description":""},{"id":50,"name":"Worn concrete","num":"tl39","description":""},{"id":51,"name":"Orino","num":"tn15","description":""},{"id":52,"name":"Veneto Rosso","num":"ts54","description":""},{"id":53,"name":"Tivoly Stone","num":"ts79","description":""},{"id":53,"name":"Verde Stone","num":"ve82","description":""}]},"HSK":{"category":{"name":"Ковровая плитка","short_name":"CT"},"firm":{"name":"Ege","short_name":"EGE"},"samples":[{"id":1,"name":"","num":"RFM52204230","description":"Helsinki"},{"id":2,"name":"","num":"RFM52754230","description":"Helsinki"},{"id":3,"name":"","num":"RFM52754231","description":"Helsinki"},{"id":4,"name":" Wood","num":"RFM52754232","description":"Helsinki"},{"id":5,"name":"","num":"RFM52854230","description":"Helsinki"},{"id":6,"name":"","num":"RFM52854231","description":"Helsinki"},{"id":7,"name":"","num":"RFM52854232","description":"Helsinki"},{"id":8,"name":"","num":"RFM52954230","description":"Helsinki"},{"id":9,"name":"","num":"RFM52954231","description":"Helsinki"},{"id":10,"name":"","num":"RFM52954232","description":"Helsinki"},{"id":11,"name":"","num":"RFM52954233","description":"Helsinki"},{"id":12,"name":"","num":"RFM52954234","description":"Helsinki"}]},"NY":{"category":{"name":"Ковровая плитка","short_name":"CT"},"firm":{"name":"Ege","short_name":"EGE"},"samples":[{"id":1,"name":"","num":"RFM52954210","description":"New York"},{"id":2,"name":"","num":"RFM52954211","description":"New York"},{"id":3,"name":"","num":"RFM52954212","description":"New York"},{"id":4,"name":"","num":"RFM52954213","description":"New York"},{"id":5,"name":"","num":"RFM52954214","description":"New York"},{"id":6,"name":"","num":"RFM52954215","description":"New York"},{"id":7,"name":"","num":"RFM52954216","description":"New York"}]},"BBL":{"category":{"name":"Ковровые покрытия","short_name":"CC"},"firm":{"name":"Balsan","short_name":"BLS"},"samples":[{"id":1,"name":"","num":"180","description":"Bubble"},{"id":2,"name":"","num":"260","description":"Bubble"},{"id":3,"name":"","num":"550","description":"Bubble"},{"id":4,"name":" Wood","num":"580","description":"Bubble"},{"id":5,"name":"","num":"880","description":"Bubble"},{"id":6,"name":"","num":"990","description":"Bubble"}]},"CPS":{"category":{"name":"Ковровые покрытия","short_name":"CC"},"firm":{"name":"Balsan","short_name":"BLS"},"samples":[{"id":1,"name":"","num":"140","description":"Design Concept Collection"},{"id":2,"name":"","num":"160","description":"Design Concept Collection"},{"id":3,"name":"","num":"240","description":"Design Concept Collection"},{"id":4,"name":"","num":"270","description":"Design Concept Collection"},{"id":5,"name":"","num":"440","description":"Design Concept Collection"},{"id":6,"name":"","num":"570","description":"Design Concept Collection"},{"id":7,"name":"","num":"590","description":"Design Concept Collection"},{"id":7,"name":"","num":"930","description":"Design Concept Collection"}]},"ATL":{"category":{"name":"Травмобезопасный ленолиум","short_name":"CL"},"firm":{"name":"Altro","short_name":"ALT"},"samples":[{"id":1,"name":"Anvil","num":"X4094","description":"Altro Atlas"},{"id":2,"name":"Mushroom","num":"X4042","description":"Altro Atlas"},{"id":3,"name":"Pewter Grey","num":"X4039","description":"Altro Atlas"},{"id":4,"name":"Quarry Red","num":"X4060","description":"Altro Atlas"},{"id":5,"name":"Walnut","num":"X4086","description":"Altro Atlas"}]}}]